{
  "project_info": {
    "project_number": "354040099530",
    "firebase_url": "https://javawallet-2b9c3.firebaseio.com",
    "project_id": "javawallet-2b9c3",
    "storage_bucket": "javawallet-2b9c3.appspot.com"
  },
  "client": [
    {
      "client_info": {
        "mobilesdk_app_id": "1:354040099530:android:35c5254ec2c8eb83177a33",
        "android_client_info": {
          "package_name": "com.JavaWallet"
        }
      },
      "oauth_client": [
        {
          "client_id": "354040099530-mhu98g5i6kjogldd0vf2c0jr0bdgc3ji.apps.googleusercontent.com",
          "client_type": 1,
          "android_info": {
            "package_name": "com.JavaWallet",
            "certificate_hash": "9c191ea45396f253826becd1722ea60543ef83ad"
          }
        },
        {
          "client_id": "354040099530-v9uv91kq7t8ov0m07levf2a65ek1ltlk.apps.googleusercontent.com",
          "client_type": 3
        }
      ],
      "api_key": [
        {
          "current_key": "AIzaSyDJYPQP_jvjnI-EmxZ_0NALc-0GVMQ8HKs"
        }
      ],
      "services": {
        "appinvite_service": {
          "other_platform_oauth_client": [
            {
              "client_id": "354040099530-v9uv91kq7t8ov0m07levf2a65ek1ltlk.apps.googleusercontent.com",
              "client_type": 3
            }
          ]
        }
      }
    }
  ],
  "configuration_version": "1"
}